{"cameraMode":{"drawMode":0,"name":"Shaded","section":"Shading Mode"},"sceneLighting":false,"audioPlay":false,"sceneViewState":{"m_AlwaysRefresh":false,"showFog":true,"showSkybox":false,"showFlares":true,"showImageEffects":true,"showParticleSystems":true,"showVisualEffectGraphs":true,"m_FxEnabled":true},"in2DMode":false,"pivot":{"x":-7.889999866485596,"y":23.209999084472658,"z":-2.4600000381469728},"rotation":{"x":0.011999492533504963,"y":0.005999981425702572,"z":-0.0000720601383363828,"w":0.9999110102653503},"size":1.8805121183395386,"orthographic":true}